:red circle::television:live,stream,":red circle:ewse

:stop sign:english",carabao,"cup

leeds",united,vs,"barnsley
:stop sign:&gt;&gt;:url

forest",green,,vs,brighton,"
:stop sign:&gt;&gt;:url
club",friendly,"
barcelona",vs,manchester,"city
:stop sign:&gt;&gt;:url

",,,,"
sew"
:red circle::television:live,stream,":red circle:

:stop sign:english",carabao,"cup

leeds",united,vs,"barnsley
:stop sign:&gt;&gt;:url

forest",green,,vs,brighton,"
:stop sign:&gt;&gt;:url
club",friendly,"
barcelona",vs,manchester,"city
:stop sign:&gt;&gt;:url

",,,,"
sedse"
:red circle::television:live,stream,":red circle:

:stop sign:english",carabao,"cup

leeds",united,vs,"barnsley
:stop sign:&gt;&gt;:url

forest",green,,vs,brighton,"
:stop sign:&gt;&gt;:url
club",friendly,"
barcelona",vs,manchester,"city
:stop sign:&gt;&gt;:url

",,,,"
seewe"
i,love,the,way,everyone,excepts,less,from,manchester,united.we,will,surprise,you,all,":thumbs up::red heart:
"
:red circle::television:live,stream,":red circle:

:stop sign:english",carabao,"cup

leeds",united,vs,"barnsley
:stop sign:&gt;&gt;:url

forest",green,,vs,brighton,"
:stop sign:&gt;&gt;:url
club",friendly,"
barcelona",vs,manchester,"city
:stop sign:&gt;&gt;:url

",,,,"
sfer"
:red circle::television:live,stream,":red circle:

:stop sign:english",carabao,"cup

leeds",united,vs,"barnsley
:stop sign:&gt;&gt;:url

forest",green,,vs,brighton,"
:stop sign:&gt;&gt;:url
club",friendly,"
barcelona",vs,manchester,"city
:stop sign:&gt;&gt;:url

",,,,"
se"
:red circle::television:live,stream,":red circle:

:stop sign:english",carabao,"cup

leeds",united,vs,"barnsley
:stop sign:&gt;&gt;:url

forest",green,,vs,brighton,"
:stop sign:&gt;&gt;:url
club",friendly,"
barcelona",vs,manchester,"city
:stop sign:&gt;&gt;:url

",,,,"
sewewe"
:red circle::television:live,stream,":red circle:e

:stop sign:english",carabao,"cup

leeds",united,vs,"barnsley
:stop sign:&gt;&gt;:url

forest",green,,vs,brighton,"
:stop sign:&gt;&gt;:url
club",friendly,"
barcelona",vs,manchester,"city
:stop sign:&gt;&gt;:url

",,,,"
sewwe"
:red circle::television:live,stream,":red circle:

:stop sign:english",carabao,"cup

leeds",united,vs,"barnsley
:stop sign:&gt;&gt;:url

forest",green,,vs,brighton,"
:stop sign:&gt;&gt;:url
club",friendly,"
barcelona",vs,manchester,"city
:stop sign:&gt;&gt;:url

",,,,"
sfe"
:red circle::television:live,stream,":red circle:

:stop sign:english",carabao,"cup

leeds",united,vs,"barnsley
:stop sign:&gt;&gt;:url

forest",green,,vs,brighton,"
:stop sign:&gt;&gt;:url
club",friendly,"
barcelona",vs,manchester,"city
:stop sign:&gt;&gt;:url

",,,,"
sdewewe"
":red circle::television:live stream :red circle:ewse

:stop sign:english carabao cup

leeds united vs barnsley
:stop sign:&gt;&gt;:url

forest green  vs brighton 
:stop sign:&gt;&gt;:url
club friendly 
barcelona vs manchester city
:stop sign:&gt;&gt;:url

    
sew"
":red circle::television:live stream :red circle:

:stop sign:english carabao cup

leeds united vs barnsley
:stop sign:&gt;&gt;:url

forest green  vs brighton 
:stop sign:&gt;&gt;:url
club friendly 
barcelona vs manchester city
:stop sign:&gt;&gt;:url

    
sedse"
":red circle::television:live stream :red circle:

:stop sign:english carabao cup

leeds united vs barnsley
:stop sign:&gt;&gt;:url

forest green  vs brighton 
:stop sign:&gt;&gt;:url
club friendly 
barcelona vs manchester city
:stop sign:&gt;&gt;:url

    
seewe"
i love the way everyone excepts less from manchester united,"we will surprise you all :thumbs up::red heart:
"
":red circle::television:live stream :red circle:

:stop sign:english carabao cup

leeds united vs barnsley
:stop sign:&gt;&gt;:url

forest green  vs brighton 
:stop sign:&gt;&gt;:url
club friendly 
barcelona vs manchester city
:stop sign:&gt;&gt;:url

    
sfer"
":red circle::television:live stream :red circle:

:stop sign:english carabao cup

leeds united vs barnsley
:stop sign:&gt;&gt;:url

forest green  vs brighton 
:stop sign:&gt;&gt;:url
club friendly 
barcelona vs manchester city
:stop sign:&gt;&gt;:url

    
se"
":red circle::television:live stream :red circle:

:stop sign:english carabao cup

leeds united vs barnsley
:stop sign:&gt;&gt;:url

forest green  vs brighton 
:stop sign:&gt;&gt;:url
club friendly 
barcelona vs manchester city
:stop sign:&gt;&gt;:url

    
sewewe"
":red circle::television:live stream :red circle:e

:stop sign:english carabao cup

leeds united vs barnsley
:stop sign:&gt;&gt;:url

forest green  vs brighton 
:stop sign:&gt;&gt;:url
club friendly 
barcelona vs manchester city
:stop sign:&gt;&gt;:url

    
sewwe"
":red circle::television:live stream :red circle:

:stop sign:english carabao cup

leeds united vs barnsley
:stop sign:&gt;&gt;:url

forest green  vs brighton 
:stop sign:&gt;&gt;:url
club friendly 
barcelona vs manchester city
:stop sign:&gt;&gt;:url

    
sfe"
":red circle::television:live stream :red circle:

:stop sign:english carabao cup

leeds united vs barnsley
:stop sign:&gt;&gt;:url

forest green  vs brighton 
:stop sign:&gt;&gt;:url
club friendly 
barcelona vs manchester city
:stop sign:&gt;&gt;:url

    
sdewewe"
